<?xml version="1.0" encoding="UTF-8"?>
<project-private xmlns="http://www.netbeans.org/ns/project-private/1">
    <editor-bookmarks xmlns="http://www.netbeans.org/ns/editor-bookmarks/2" lastBookmarkId="0"/>
    <open-files xmlns="http://www.netbeans.org/ns/projectui-open-files/2">
        <group>
            <file>file:/D:/SUMMER2022/MOB1023%20-%20%20JAVA2/PS24083-ASSGINMENT1/src/checkData/Data.java</file>
            <file>file:/D:/SUMMER2022/MOB1023%20-%20%20JAVA2/PS24083-ASSGINMENT1/src/ps24083/view/StafffManger2.java</file>
            <file>file:/D:/SUMMER2022/MOB1023%20-%20%20JAVA2/PS24083-ASSGINMENT1/src/ps24083/model/Employee.java</file>
        </group>
    </open-files>
</project-private>
